M,k,N,case_seed,sample_mean,sample_sd_ddof1,moment_skewness,moment_excess_kurtosis
100,100,3000,2026,0.12896109597510738,0.0038204846463756243,0.6132821264997458,0.5761146949855913
300,300,3000,2026,0.10361947638044662,0.001629434968808943,0.26988680344526317,0.12040626783105823
1000,1000,1000,2026,0.0851096718840347,0.0006350464408469342,0.1562672011138791,-0.17739002734949638
